{
  "experiment_timestamp": "2025-08-15T21:31:05.866320",
  "log_file": "train_logs\\raw_cnn_classifier_20250815_213037.log",
  "timers": {
    "train_epoch_1": 2.7876057624816895,
    "val_epoch_1": 0.12702369689941406,
    "train_epoch_2": 2.381483793258667,
    "val_epoch_2": 0.07696366310119629,
    "train_epoch_3": 2.346283197402954,
    "val_epoch_3": 0.07452535629272461,
    "train_epoch_4": 2.265338897705078,
    "val_epoch_4": 0.08042216300964355,
    "train_epoch_5": 2.2898385524749756,
    "val_epoch_5": 0.06467413902282715,
    "train_epoch_6": 2.2983155250549316,
    "val_epoch_6": 0.07381844520568848,
    "train_epoch_7": 2.3994576930999756,
    "val_epoch_7": 0.09879422187805176,
    "train_epoch_8": 2.2973203659057617,
    "val_epoch_8": 0.09400010108947754,
    "train_epoch_9": 2.3193933963775635,
    "val_epoch_9": 0.0807654857635498,
    "train_epoch_10": 2.368403911590576,
    "val_epoch_10": 0.10006284713745117,
    "test_evaluation": 0.19394755363464355
  },
  "training_metrics": {
    "epoch_1": {
      "epoch": 1,
      "train_loss": 2.3140710672410596,
      "train_acc": 20.317460317460316,
      "val_loss": 1.661128373707042,
      "val_acc": 41.111111111111114,
      "lr": 0.001
    },
    "epoch_2": {
      "epoch": 2,
      "train_loss": 1.8000117460218799,
      "train_acc": 37.407407407407405,
      "val_loss": 1.4654857761719648,
      "val_acc": 46.666666666666664,
      "lr": 0.001
    },
    "epoch_3": {
      "epoch": 3,
      "train_loss": 1.6174989117293799,
      "train_acc": 47.03703703703704,
      "val_loss": 1.2698361803503597,
      "val_acc": 61.48148148148148,
      "lr": 0.001
    },
    "epoch_4": {
      "epoch": 4,
      "train_loss": 1.4522187439333492,
      "train_acc": 56.82539682539682,
      "val_loss": 1.041027167264153,
      "val_acc": 77.77777777777777,
      "lr": 0.001
    },
    "epoch_5": {
      "epoch": 5,
      "train_loss": 1.3325216815251262,
      "train_acc": 62.48677248677249,
      "val_loss": 0.8918585286420935,
      "val_acc": 84.81481481481481,
      "lr": 0.001
    },
    "epoch_6": {
      "epoch": 6,
      "train_loss": 1.1853355164287471,
      "train_acc": 70.05291005291005,
      "val_loss": 0.9035782077733208,
      "val_acc": 81.48148148148148,
      "lr": 0.001
    },
    "epoch_7": {
      "epoch": 7,
      "train_loss": 1.1453811736667858,
      "train_acc": 72.64550264550265,
      "val_loss": 0.8213256211841807,
      "val_acc": 87.03703703703704,
      "lr": 0.001
    },
    "epoch_8": {
      "epoch": 8,
      "train_loss": 1.0650920887955098,
      "train_acc": 77.93650793650794,
      "val_loss": 0.8062583909315222,
      "val_acc": 88.51851851851852,
      "lr": 0.001
    },
    "epoch_9": {
      "epoch": 9,
      "train_loss": 1.0337103084355843,
      "train_acc": 78.51851851851852,
      "val_loss": 0.786682104363161,
      "val_acc": 87.03703703703704,
      "lr": 0.001
    },
    "epoch_10": {
      "epoch": 10,
      "train_loss": 1.0150874868160535,
      "train_acc": 79.68253968253968,
      "val_loss": 0.8051523110445808,
      "val_acc": 88.14814814814815,
      "lr": 0.001
    }
  },
  "total_experiment_time": 24.81843876838684
}