{
  "experiment_timestamp": "2025-08-15T21:29:25.947846",
  "log_file": "train_logs\\mfcc_classifier_20250815_212917.log",
  "timers": {
    "train_epoch_1": 1.0385503768920898,
    "val_epoch_1": 0.035239219665527344,
    "train_epoch_2": 0.8739147186279297,
    "val_epoch_2": 0.03960537910461426,
    "train_epoch_3": 0.8200240135192871,
    "val_epoch_3": 0.05074572563171387,
    "train_epoch_4": 0.7703421115875244,
    "val_epoch_4": 0.029616594314575195,
    "train_epoch_5": 0.6925663948059082,
    "val_epoch_5": 0.0276181697845459,
    "test_evaluation": 0.06516814231872559
  },
  "training_metrics": {
    "epoch_1": {
      "epoch": 1,
      "train_loss": 1.9648822425794201,
      "train_acc": 36.560846560846564,
      "val_loss": 1.09126874629189,
      "val_acc": 88.14814814814815,
      "lr": 0.001
    },
    "epoch_2": {
      "epoch": 2,
      "train_loss": 1.1978698407902437,
      "train_acc": 72.64550264550265,
      "val_loss": 0.7606645787463469,
      "val_acc": 94.07407407407408,
      "lr": 0.001
    },
    "epoch_3": {
      "epoch": 3,
      "train_loss": 0.9919532317073405,
      "train_acc": 82.6984126984127,
      "val_loss": 0.6831361335866591,
      "val_acc": 95.18518518518519,
      "lr": 0.001
    },
    "epoch_4": {
      "epoch": 4,
      "train_loss": 0.8917156032153538,
      "train_acc": 88.35978835978835,
      "val_loss": 0.642321898656733,
      "val_acc": 97.4074074074074,
      "lr": 0.001
    },
    "epoch_5": {
      "epoch": 5,
      "train_loss": 0.8494723349058327,
      "train_acc": 89.41798941798942,
      "val_loss": 0.6113450947929832,
      "val_acc": 97.4074074074074,
      "lr": 0.001
    }
  },
  "total_experiment_time": 4.443390846252441
}