{
  "experiment_timestamp": "2025-08-15T21:30:16.036925",
  "log_file": "train_logs\\mfcc_classifier_20250815_213007.log",
  "timers": {
    "train_epoch_1": 0.6949939727783203,
    "val_epoch_1": 0.017084598541259766,
    "train_epoch_2": 0.3792092800140381,
    "val_epoch_2": 0.01625204086303711,
    "train_epoch_3": 0.37681150436401367,
    "val_epoch_3": 0.019269943237304688,
    "train_epoch_4": 0.37503552436828613,
    "val_epoch_4": 0.03113079071044922,
    "train_epoch_5": 0.3877980709075928,
    "val_epoch_5": 0.01857900619506836,
    "train_epoch_6": 0.35358476638793945,
    "val_epoch_6": 0.017551898956298828,
    "train_epoch_7": 0.39710354804992676,
    "val_epoch_7": 0.017233848571777344,
    "train_epoch_8": 0.3685765266418457,
    "val_epoch_8": 0.032979726791381836,
    "train_epoch_9": 0.3690943717956543,
    "val_epoch_9": 0.026034832000732422,
    "train_epoch_10": 0.47985076904296875,
    "val_epoch_10": 0.021065235137939453,
    "test_evaluation": 0.0636451244354248
  },
  "training_metrics": {
    "epoch_1": {
      "epoch": 1,
      "train_loss": 2.0558898905913034,
      "train_acc": 32.116402116402114,
      "val_loss": 1.1830034918255277,
      "val_acc": 86.29629629629629,
      "lr": 0.001
    },
    "epoch_2": {
      "epoch": 2,
      "train_loss": 1.2866419951121013,
      "train_acc": 68.94179894179894,
      "val_loss": 0.8344886501630148,
      "val_acc": 93.70370370370371,
      "lr": 0.001
    },
    "epoch_3": {
      "epoch": 3,
      "train_loss": 0.9894947449366251,
      "train_acc": 83.5978835978836,
      "val_loss": 0.6979163951343961,
      "val_acc": 95.92592592592592,
      "lr": 0.001
    },
    "epoch_4": {
      "epoch": 4,
      "train_loss": 0.8791957894961039,
      "train_acc": 88.73015873015873,
      "val_loss": 0.6597342623604668,
      "val_acc": 96.29629629629629,
      "lr": 0.001
    },
    "epoch_5": {
      "epoch": 5,
      "train_loss": 0.8288679132858913,
      "train_acc": 92.16931216931216,
      "val_loss": 0.6305984391106499,
      "val_acc": 96.66666666666667,
      "lr": 0.001
    },
    "epoch_6": {
      "epoch": 6,
      "train_loss": 0.81774682700634,
      "train_acc": 92.53968253968254,
      "val_loss": 0.6150483224127028,
      "val_acc": 97.77777777777777,
      "lr": 0.001
    },
    "epoch_7": {
      "epoch": 7,
      "train_loss": 0.750345245997111,
      "train_acc": 94.55026455026454,
      "val_loss": 0.6148606273863051,
      "val_acc": 97.77777777777777,
      "lr": 0.001
    },
    "epoch_8": {
      "epoch": 8,
      "train_loss": 0.7528070668379466,
      "train_acc": 94.97354497354497,
      "val_loss": 0.6198518806033664,
      "val_acc": 96.66666666666667,
      "lr": 0.001
    },
    "epoch_9": {
      "epoch": 9,
      "train_loss": 0.7289365907510121,
      "train_acc": 95.92592592592592,
      "val_loss": 0.5999134116702609,
      "val_acc": 97.77777777777777,
      "lr": 0.001
    },
    "epoch_10": {
      "epoch": 10,
      "train_loss": 0.6988649676243465,
      "train_acc": 97.08994708994709,
      "val_loss": 0.5997237033314176,
      "val_acc": 97.77777777777777,
      "lr": 0.001
    }
  },
  "total_experiment_time": 4.46288537979126
}