{
  "experiment_timestamp": "2025-08-15T21:34:36.957866",
  "log_file": "train_logs\\raw_cnn_classifier_20250815_213325.log",
  "timers": {
    "train_epoch_1": 2.4656150341033936,
    "val_epoch_1": 0.09676504135131836,
    "train_epoch_2": 2.239297866821289,
    "val_epoch_2": 0.07937121391296387,
    "train_epoch_3": 2.228438138961792,
    "val_epoch_3": 0.0898292064666748,
    "train_epoch_4": 2.2102532386779785,
    "val_epoch_4": 0.07314395904541016,
    "train_epoch_5": 2.1876206398010254,
    "val_epoch_5": 0.08654499053955078,
    "train_epoch_6": 2.297799587249756,
    "val_epoch_6": 0.0858604907989502,
    "train_epoch_7": 2.2154147624969482,
    "val_epoch_7": 0.12302041053771973,
    "train_epoch_8": 2.292215347290039,
    "val_epoch_8": 0.0815896987915039,
    "train_epoch_9": 2.214414358139038,
    "val_epoch_9": 0.08626580238342285,
    "train_epoch_10": 2.1639153957366943,
    "val_epoch_10": 0.09534525871276855,
    "train_epoch_11": 2.2839019298553467,
    "val_epoch_11": 0.08474421501159668,
    "train_epoch_12": 2.1988649368286133,
    "val_epoch_12": 0.08339500427246094,
    "train_epoch_13": 2.252589464187622,
    "val_epoch_13": 0.08477258682250977,
    "train_epoch_14": 2.176499843597412,
    "val_epoch_14": 0.09758734703063965,
    "train_epoch_15": 2.254098892211914,
    "val_epoch_15": 0.08960151672363281,
    "train_epoch_16": 2.280700206756592,
    "val_epoch_16": 0.08165264129638672,
    "train_epoch_17": 2.2358016967773438,
    "val_epoch_17": 0.0900886058807373,
    "train_epoch_18": 2.200186014175415,
    "val_epoch_18": 0.0852658748626709,
    "train_epoch_19": 2.2235050201416016,
    "val_epoch_19": 0.0797584056854248,
    "train_epoch_20": 2.2277567386627197,
    "val_epoch_20": 0.08472752571105957,
    "train_epoch_21": 2.250757932662964,
    "val_epoch_21": 0.08583950996398926,
    "train_epoch_22": 2.2819788455963135,
    "val_epoch_22": 0.08322596549987793,
    "train_epoch_23": 2.201489210128784,
    "val_epoch_23": 0.10631251335144043,
    "train_epoch_24": 2.2175328731536865,
    "val_epoch_24": 0.07835865020751953,
    "train_epoch_25": 2.278341770172119,
    "val_epoch_25": 0.09839344024658203,
    "train_epoch_26": 2.177994728088379,
    "val_epoch_26": 0.07800078392028809,
    "train_epoch_27": 2.249347448348999,
    "val_epoch_27": 0.08776545524597168,
    "train_epoch_28": 2.2438461780548096,
    "val_epoch_28": 0.08566665649414062,
    "train_epoch_29": 2.2508463859558105,
    "val_epoch_29": 0.08429145812988281,
    "test_evaluation": 0.1966111660003662
  },
  "training_metrics": {
    "epoch_1": {
      "epoch": 1,
      "train_loss": 2.3228571184543,
      "train_acc": 19.206349206349206,
      "val_loss": 1.855174415251788,
      "val_acc": 32.96296296296296,
      "lr": 0.001
    },
    "epoch_2": {
      "epoch": 2,
      "train_loss": 1.8289676684291423,
      "train_acc": 34.44444444444444,
      "val_loss": 1.4958129139507519,
      "val_acc": 52.22222222222222,
      "lr": 0.001
    },
    "epoch_3": {
      "epoch": 3,
      "train_loss": 1.6401492938274096,
      "train_acc": 47.301587301587304,
      "val_loss": 1.3123561634736902,
      "val_acc": 61.48148148148148,
      "lr": 0.001
    },
    "epoch_4": {
      "epoch": 4,
      "train_loss": 1.4856566731669323,
      "train_acc": 54.12698412698413,
      "val_loss": 1.1624383926391602,
      "val_acc": 68.14814814814815,
      "lr": 0.001
    },
    "epoch_5": {
      "epoch": 5,
      "train_loss": 1.3383578577963244,
      "train_acc": 61.7989417989418,
      "val_loss": 1.0195540505297043,
      "val_acc": 76.66666666666667,
      "lr": 0.001
    },
    "epoch_6": {
      "epoch": 6,
      "train_loss": 1.2790822506952686,
      "train_acc": 65.76719576719577,
      "val_loss": 0.9420559160849628,
      "val_acc": 79.25925925925925,
      "lr": 0.001
    },
    "epoch_7": {
      "epoch": 7,
      "train_loss": 1.173282264160509,
      "train_acc": 71.32275132275132,
      "val_loss": 0.8410833863651052,
      "val_acc": 86.66666666666667,
      "lr": 0.001
    },
    "epoch_8": {
      "epoch": 8,
      "train_loss": 1.135194514478956,
      "train_acc": 74.33862433862434,
      "val_loss": 0.8869889904471004,
      "val_acc": 79.25925925925925,
      "lr": 0.001
    },
    "epoch_9": {
      "epoch": 9,
      "train_loss": 1.078607004229762,
      "train_acc": 77.14285714285714,
      "val_loss": 0.8186450285070083,
      "val_acc": 86.29629629629629,
      "lr": 0.001
    },
    "epoch_10": {
      "epoch": 10,
      "train_loss": 1.0441674379741444,
      "train_acc": 77.35449735449735,
      "val_loss": 0.7951189454864053,
      "val_acc": 88.88888888888889,
      "lr": 0.001
    },
    "epoch_11": {
      "epoch": 11,
      "train_loss": 1.0116664922537923,
      "train_acc": 81.005291005291,
      "val_loss": 0.7876224026960486,
      "val_acc": 90.0,
      "lr": 0.001
    },
    "epoch_12": {
      "epoch": 12,
      "train_loss": 0.9826866012661397,
      "train_acc": 82.16931216931216,
      "val_loss": 0.7358376769458547,
      "val_acc": 90.37037037037037,
      "lr": 0.001
    },
    "epoch_13": {
      "epoch": 13,
      "train_loss": 0.9200188838133291,
      "train_acc": 83.75661375661376,
      "val_loss": 0.8062705222298118,
      "val_acc": 87.4074074074074,
      "lr": 0.001
    },
    "epoch_14": {
      "epoch": 14,
      "train_loss": 0.9353431338021735,
      "train_acc": 83.4920634920635,
      "val_loss": 0.7456855458371779,
      "val_acc": 89.62962962962963,
      "lr": 0.001
    },
    "epoch_15": {
      "epoch": 15,
      "train_loss": 0.9131333462330473,
      "train_acc": 83.75661375661376,
      "val_loss": 0.7086655392366297,
      "val_acc": 92.5925925925926,
      "lr": 0.001
    },
    "epoch_16": {
      "epoch": 16,
      "train_loss": 0.8936066672581584,
      "train_acc": 84.4973544973545,
      "val_loss": 0.7787350416183472,
      "val_acc": 89.25925925925925,
      "lr": 0.001
    },
    "epoch_17": {
      "epoch": 17,
      "train_loss": 0.8808336092644379,
      "train_acc": 85.92592592592592,
      "val_loss": 0.7625629936947542,
      "val_acc": 89.25925925925925,
      "lr": 0.001
    },
    "epoch_18": {
      "epoch": 18,
      "train_loss": 0.8756591547437075,
      "train_acc": 86.82539682539682,
      "val_loss": 0.692759675138137,
      "val_acc": 91.85185185185185,
      "lr": 0.001
    },
    "epoch_19": {
      "epoch": 19,
      "train_loss": 0.8666701927906325,
      "train_acc": 86.66666666666667,
      "val_loss": 0.6806180301834556,
      "val_acc": 95.18518518518519,
      "lr": 0.001
    },
    "epoch_20": {
      "epoch": 20,
      "train_loss": 0.8571805047387836,
      "train_acc": 87.14285714285714,
      "val_loss": 0.6633244472391465,
      "val_acc": 95.18518518518519,
      "lr": 0.001
    },
    "epoch_21": {
      "epoch": 21,
      "train_loss": 0.8234055833656246,
      "train_acc": 87.98941798941799,
      "val_loss": 0.6967484284849728,
      "val_acc": 92.96296296296296,
      "lr": 0.001
    },
    "epoch_22": {
      "epoch": 22,
      "train_loss": 0.8327218519539392,
      "train_acc": 89.36507936507937,
      "val_loss": 0.6669658177039203,
      "val_acc": 95.18518518518519,
      "lr": 0.001
    },
    "epoch_23": {
      "epoch": 23,
      "train_loss": 0.7957457940117652,
      "train_acc": 89.84126984126983,
      "val_loss": 0.717608672731063,
      "val_acc": 92.22222222222223,
      "lr": 0.001
    },
    "epoch_24": {
      "epoch": 24,
      "train_loss": 0.7768372803175149,
      "train_acc": 90.74074074074075,
      "val_loss": 0.6587318252114689,
      "val_acc": 94.07407407407408,
      "lr": 0.001
    },
    "epoch_25": {
      "epoch": 25,
      "train_loss": 0.8082315355789762,
      "train_acc": 89.2063492063492,
      "val_loss": 0.6560762068804573,
      "val_acc": 92.5925925925926,
      "lr": 0.001
    },
    "epoch_26": {
      "epoch": 26,
      "train_loss": 0.7695495801813462,
      "train_acc": 90.58201058201058,