{
  "experiment_timestamp": "2025-08-15T21:30:37.597160",
  "log_file": "train_logs\\mel_cnn_classifier_20250815_213016.log",
  "timers": {
    "train_epoch_1": 2.411712169647217,
    "val_epoch_1": 0.08847904205322266,
    "train_epoch_2": 1.5607013702392578,
    "val_epoch_2": 0.05895233154296875,
    "train_epoch_3": 1.5628273487091064,
    "val_epoch_3": 0.0866847038269043,
    "train_epoch_4": 1.5724005699157715,
    "val_epoch_4": 0.05985879898071289,
    "train_epoch_5": 1.5600597858428955,
    "val_epoch_5": 0.07490253448486328,
    "train_epoch_6": 1.5491924285888672,
    "val_epoch_6": 0.0804891586303711,
    "train_epoch_7": 1.5918304920196533,
    "val_epoch_7": 0.06627798080444336,
    "train_epoch_8": 1.4977962970733643,
    "val_epoch_8": 0.0829155445098877,
    "train_epoch_9": 1.5718278884887695,
    "val_epoch_9": 0.08240103721618652,
    "train_epoch_10": 1.6449198722839355,
    "val_epoch_10": 0.0799868106842041,
    "test_evaluation": 0.16965007781982422
  },
  "training_metrics": {
    "epoch_1": {
      "epoch": 1,
      "train_loss": 2.3781444625694212,
      "train_acc": 10.476190476190476,
      "val_loss": 2.2180135250091553,
      "val_acc": 27.40740740740741,
      "lr": 0.001
    },
    "epoch_2": {
      "epoch": 2,
      "train_loss": 2.2207433185657535,
      "train_acc": 17.24867724867725,
      "val_loss": 2.029664621633642,
      "val_acc": 26.666666666666668,
      "lr": 0.001
    },
    "epoch_3": {
      "epoch": 3,
      "train_loss": 2.099358726950253,
      "train_acc": 25.44973544973545,
      "val_loss": 1.881793597165276,
      "val_acc": 33.7037037037037,
      "lr": 0.001
    },
    "epoch_4": {
      "epoch": 4,
      "train_loss": 2.0079268988441017,
      "train_acc": 28.677248677248677,
      "val_loss": 1.766837807262645,
      "val_acc": 45.55555555555556,
      "lr": 0.001
    },
    "epoch_5": {
      "epoch": 5,
      "train_loss": 1.8964192556733845,
      "train_acc": 34.6031746031746,
      "val_loss": 1.6879243289723116,
      "val_acc": 46.666666666666664,
      "lr": 0.001
    },
    "epoch_6": {
      "epoch": 6,
      "train_loss": 1.7658205593333525,
      "train_acc": 41.7989417989418,
      "val_loss": 1.4238561111337997,
      "val_acc": 65.18518518518519,
      "lr": 0.001
    },
    "epoch_7": {
      "epoch": 7,
      "train_loss": 1.6027611794591952,
      "train_acc": 49.84126984126984,
      "val_loss": 1.272583105984856,
      "val_acc": 66.29629629629629,
      "lr": 0.001
    },
    "epoch_8": {
      "epoch": 8,
      "train_loss": 1.487596058044113,
      "train_acc": 56.455026455026456,
      "val_loss": 1.1504674939548267,
      "val_acc": 74.07407407407408,
      "lr": 0.001
    },
    "epoch_9": {
      "epoch": 9,
      "train_loss": 1.4016507242907996,
      "train_acc": 59.41798941798942,
      "val_loss": 1.00550737100489,
      "val_acc": 80.74074074074075,
      "lr": 0.001
    },
    "epoch_10": {
      "epoch": 10,
      "train_loss": 1.2742916611062378,
      "train_acc": 67.4074074074074,
      "val_loss": 1.0176077660392313,
      "val_acc": 77.4074074074074,
      "lr": 0.001
    }
  },
  "total_experiment_time": 17.453866243362427
}