{
  "experiment_timestamp": "2025-08-15T21:32:28.258128",
  "log_file": "train_logs\\mfcc_classifier_20250815_213215.log",
  "timers": {
    "train_epoch_1": 0.6382107734680176,
    "val_epoch_1": 0.033641815185546875,
    "train_epoch_2": 0.361926794052124,
    "val_epoch_2": 0.018828630447387695,
    "train_epoch_3": 0.36116766929626465,
    "val_epoch_3": 0.01860499382019043,
    "train_epoch_4": 0.36974263191223145,
    "val_epoch_4": 0.031603336334228516,
    "train_epoch_5": 0.3730463981628418,
    "val_epoch_5": 0.01807260513305664,
    "train_epoch_6": 0.37718892097473145,
    "val_epoch_6": 0.01913309097290039,
    "train_epoch_7": 0.3552732467651367,
    "val_epoch_7": 0.018573522567749023,
    "train_epoch_8": 0.3528306484222412,
    "val_epoch_8": 0.018570661544799805,
    "train_epoch_9": 0.38855886459350586,
    "val_epoch_9": 0.018132686614990234,
    "train_epoch_10": 0.34520816802978516,
    "val_epoch_10": 0.01862621307373047,
    "train_epoch_11": 0.34353065490722656,
    "val_epoch_11": 0.019078731536865234,
    "train_epoch_12": 0.3751401901245117,
    "val_epoch_12": 0.017063617706298828,
    "train_epoch_13": 0.35485243797302246,
    "val_epoch_13": 0.016103267669677734,
    "train_epoch_14": 0.3641822338104248,
    "val_epoch_14": 0.024149179458618164,
    "train_epoch_15": 0.4218482971191406,
    "val_epoch_15": 0.018737316131591797,
    "train_epoch_16": 0.3683197498321533,
    "val_epoch_16": 0.019591331481933594,
    "train_epoch_17": 0.36905622482299805,
    "val_epoch_17": 0.019106388092041016,
    "train_epoch_18": 0.3510119915008545,
    "val_epoch_18": 0.018094778060913086,
    "train_epoch_19": 0.34902215003967285,
    "val_epoch_19": 0.020083904266357422,
    "train_epoch_20": 0.33911752700805664,
    "val_epoch_20": 0.019873619079589844,
    "train_epoch_21": 0.3483622074127197,
    "val_epoch_21": 0.01807379722595215,
    "test_evaluation": 0.04259133338928223
  },
  "training_metrics": {
    "epoch_1": {
      "epoch": 1,
      "train_loss": 2.086048811674118,
      "train_acc": 30.952380952380953,
      "val_loss": 1.207483583026462,
      "val_acc": 85.18518518518519,
      "lr": 0.001
    },
    "epoch_2": {
      "epoch": 2,
      "train_loss": 1.243707083662351,
      "train_acc": 71.48148148148148,
      "val_loss": 0.8170002632670932,
      "val_acc": 94.07407407407408,
      "lr": 0.001
    },
    "epoch_3": {
      "epoch": 3,
      "train_loss": 1.0063583205143611,
      "train_acc": 83.80952380952381,
      "val_loss": 0.7033776375982497,
      "val_acc": 95.55555555555556,
      "lr": 0.001
    },
    "epoch_4": {
      "epoch": 4,
      "train_loss": 0.8783700972795486,
      "train_acc": 89.78835978835978,
      "val_loss": 0.6662310891681247,
      "val_acc": 95.55555555555556,
      "lr": 0.001
    },
    "epoch_5": {
      "epoch": 5,
      "train_loss": 0.8295730402072271,
      "train_acc": 92.27513227513228,
      "val_loss": 0.6460868981149461,
      "val_acc": 96.29629629629629,
      "lr": 0.001
    },
    "epoch_6": {
      "epoch": 6,
      "train_loss": 0.7864985694487889,
      "train_acc": 92.80423280423281,
      "val_loss": 0.6245635483000014,
      "val_acc": 97.03703703703704,
      "lr": 0.001
    },
    "epoch_7": {
      "epoch": 7,
      "train_loss": 0.752225328485171,
      "train_acc": 94.65608465608466,
      "val_loss": 0.6113786498705546,
      "val_acc": 97.03703703703704,
      "lr": 0.001
    },
    "epoch_8": {
      "epoch": 8,
      "train_loss": 0.7279838542143504,
      "train_acc": 95.07936507936508,
      "val_loss": 0.6066566904385885,
      "val_acc": 98.14814814814815,
      "lr": 0.001
    },
    "epoch_9": {
      "epoch": 9,
      "train_loss": 0.7285111655791601,
      "train_acc": 95.13227513227513,
      "val_loss": 0.6150952113999261,
      "val_acc": 97.03703703703704,
      "lr": 0.001
    },
    "epoch_10": {
      "epoch": 10,
      "train_loss": 0.6999543478091558,
      "train_acc": 96.24338624338624,
      "val_loss": 0.6026445892122057,
      "val_acc": 97.4074074074074,
      "lr": 0.001
    },
    "epoch_11": {
      "epoch": 11,
      "train_loss": 0.6852996031443278,
      "train_acc": 96.71957671957672,
      "val_loss": 0.5800960858662924,
      "val_acc": 98.51851851851852,
      "lr": 0.001
    },
    "epoch_12": {
      "epoch": 12,
      "train_loss": 0.6899795860052109,
      "train_acc": 97.46031746031746,
      "val_loss": 0.5825288693110148,
      "val_acc": 97.77777777777777,
      "lr": 0.001
    },
    "epoch_13": {
      "epoch": 13,
      "train_loss": 0.6803419083356858,
      "train_acc": 97.56613756613757,
      "val_loss": 0.5989551014370389,
      "val_acc": 97.77777777777777,
      "lr": 0.001
    },
    "epoch_14": {
      "epoch": 14,
      "train_loss": 0.6507890949646632,
      "train_acc": 98.14814814814815,
      "val_loss": 0.5866820414861044,
      "val_acc": 98.14814814814815,
      "lr": 0.001
    },
    "epoch_15": {
      "epoch": 15,
      "train_loss": 0.6487952888011932,
      "train_acc": 97.93650793650794,
      "val_loss": 0.5781099134021335,
      "val_acc": 98.51851851851852,
      "lr": 0.001
    },
    "epoch_16": {
      "epoch": 16,
      "train_loss": 0.675115900238355,
      "train_acc": 97.46031746031746,
      "val_loss": 0.5804438259866502,
      "val_acc": 97.77777777777777,
      "lr": 0.001
    },
    "epoch_17": {
      "epoch": 17,
      "train_loss": 0.6905510822931925,
      "train_acc": 97.83068783068784,
      "val_loss": 0.5805989238950942,
      "val_acc": 97.77777777777777,
      "lr": 0.001
    },
    "epoch_18": {
      "epoch": 18,
      "train_loss": 0.6422317683696747,
      "train_acc": 98.62433862433862,
      "val_loss": 0.5728460748990377,
      "val_acc": 97.77777777777777,
      "lr": 0.001
    },
    "epoch_19": {
      "epoch": 19,
      "train_loss": 0.6446254829565684,
      "train_acc": 97.72486772486772,
      "val_loss": 0.5636490782101949,
      "val_acc": 98.51851851851852,
      "lr": 0.001
    },
    "epoch_20": {
      "epoch": 20,
      "train_loss": 0.6362137178579966,
      "train_acc": 98.3068783068783,
      "val_loss": 0.5714822014172872,
      "val_acc": 98.14814814814815,
      "lr": 0.001
    },
    "epoch_21": {
      "epoch": 21,
      "train_loss": 0.6353307197491328,
      "train_acc": 98.41269841269842,
      "val_loss": 0.5672852198282877,
      "val_acc": 98.14814814814815,
      "lr": 0.001
    }
  },
  "total_experiment_time": 8.373932600021362
}