{
  "experiment_timestamp": "2025-08-15T21:33:25.751898",
  "log_file": "train_logs\\mel_cnn_classifier_20250815_213228.log",
  "timers": {
    "train_epoch_1": 1.7379119396209717,
    "val_epoch_1": 0.08066749572753906,
    "train_epoch_2": 1.600078821182251,
    "val_epoch_2": 0.06162619590759277,
    "train_epoch_3": 1.6151642799377441,
    "val_epoch_3": 0.07391357421875,
    "train_epoch_4": 1.487490177154541,
    "val_epoch_4": 0.06725215911865234,
    "train_epoch_5": 1.4450523853302002,
    "val_epoch_5": 0.07728981971740723,
    "train_epoch_6": 1.525111436843872,
    "val_epoch_6": 0.07569050788879395,
    "train_epoch_7": 1.5078582763671875,
    "val_epoch_7": 0.08669495582580566,
    "train_epoch_8": 1.5255320072174072,
    "val_epoch_8": 0.0642693042755127,
    "train_epoch_9": 1.545428991317749,
    "val_epoch_9": 0.08111786842346191,
    "train_epoch_10": 1.4292364120483398,
    "val_epoch_10": 0.06467986106872559,
    "train_epoch_11": 1.498067855834961,
    "val_epoch_11": 0.06164884567260742,
    "train_epoch_12": 1.4621849060058594,
    "val_epoch_12": 0.07771682739257812,
    "train_epoch_13": 1.4883778095245361,
    "val_epoch_13": 0.07356762886047363,
    "train_epoch_14": 1.4441101551055908,
    "val_epoch_14": 0.0810544490814209,
    "train_epoch_15": 1.5191502571105957,
    "val_epoch_15": 0.07818865776062012,
    "train_epoch_16": 1.5320403575897217,
    "val_epoch_16": 0.06012415885925293,
    "train_epoch_17": 1.5679101943969727,
    "val_epoch_17": 0.05985713005065918,
    "train_epoch_18": 1.5431272983551025,
    "val_epoch_18": 0.06624865531921387,
    "train_epoch_19": 1.4832026958465576,
    "val_epoch_19": 0.06892752647399902,
    "train_epoch_20": 1.4866225719451904,
    "val_epoch_20": 0.07015132904052734,
    "train_epoch_21": 1.5519781112670898,
    "val_epoch_21": 0.07167506217956543,
    "train_epoch_22": 1.7942540645599365,
    "val_epoch_22": 0.09242939949035645,
    "train_epoch_23": 1.6324536800384521,
    "val_epoch_23": 0.07486295700073242,
    "train_epoch_24": 1.5440163612365723,
    "val_epoch_24": 0.06516456604003906,
    "train_epoch_25": 1.5411887168884277,
    "val_epoch_25": 0.08788347244262695,
    "train_epoch_26": 1.460846185684204,
    "val_epoch_26": 0.07173848152160645,
    "train_epoch_27": 1.458000898361206,
    "val_epoch_27": 0.08239483833312988,
    "train_epoch_28": 1.5546598434448242,
    "val_epoch_28": 0.07856273651123047,
    "train_epoch_29": 1.5133557319641113,
    "val_epoch_29": 0.06430912017822266,
    "train_epoch_30": 1.5072884559631348,
    "val_epoch_30": 0.07551956176757812,
    "train_epoch_31": 1.531548261642456,
    "val_epoch_31": 0.07325482368469238,
    "train_epoch_32": 1.4975664615631104,
    "val_epoch_32": 0.06572532653808594,
    "train_epoch_33": 1.5437839031219482,
    "val_epoch_33": 0.08267378807067871,
    "test_evaluation": 0.15891718864440918
  },
  "training_metrics": {
    "epoch_1": {
      "epoch": 1,
      "train_loss": 2.3503874630487265,
      "train_acc": 13.43915343915344,
      "val_loss": 2.17273845392115,
      "val_acc": 18.14814814814815,
      "lr": 0.001
    },
    "epoch_2": {
      "epoch": 2,
      "train_loss": 2.207745663258208,
      "train_acc": 18.14814814814815,
      "val_loss": 2.0685665747698616,
      "val_acc": 22.22222222222222,
      "lr": 0.001
    },
    "epoch_3": {
      "epoch": 3,
      "train_loss": 2.079994101484283,
      "train_acc": 23.597883597883598,
      "val_loss": 1.9123169323977303,
      "val_acc": 28.51851851851852,
      "lr": 0.001
    },
    "epoch_4": {
      "epoch": 4,
      "train_loss": 1.9913315843133366,
      "train_acc": 31.746031746031747,
      "val_loss": 1.8027780616984648,
      "val_acc": 42.592592592592595,
      "lr": 0.001
    },
    "epoch_5": {
      "epoch": 5,
      "train_loss": 1.875779102830326,
      "train_acc": 35.23809523809524,
      "val_loss": 1.6613729070214664,
      "val_acc": 43.7037037037037,
      "lr": 0.001
    },
    "epoch_6": {
      "epoch": 6,
      "train_loss": 1.731210162659653,
      "train_acc": 41.53439153439153,
      "val_loss": 1.4351904251996208,
      "val_acc": 55.925925925925924,
      "lr": 0.001
    },
    "epoch_7": {
      "epoch": 7,
      "train_loss": 1.5828110580684758,
      "train_acc": 50.68783068783069,
      "val_loss": 1.2123489169513477,
      "val_acc": 68.88888888888889,
      "lr": 0.001
    },
    "epoch_8": {
      "epoch": 8,
      "train_loss": 1.4588844155063148,
      "train_acc": 56.34920634920635,
      "val_loss": 1.1323070385876823,
      "val_acc": 68.88888888888889,
      "lr": 0.001
    },
    "epoch_9": {
      "epoch": 9,
      "train_loss": 1.3567597695759364,
      "train_acc": 60.84656084656085,
      "val_loss": 1.0164191898177652,
      "val_acc": 79.25925925925925,
      "lr": 0.001
    },
    "epoch_10": {
      "epoch": 10,
      "train_loss": 1.2695236531626277,
      "train_acc": 65.71428571428571,
      "val_loss": 0.9410921159912559,
      "val_acc": 82.5925925925926,
      "lr": 0.001
    },
    "epoch_11": {
      "epoch": 11,
      "train_loss": 1.1818672083005184,
      "train_acc": 69.47089947089947,
      "val_loss": 0.912113161648021,
      "val_acc": 80.74074074074075,
      "lr": 0.001
    },
    "epoch_12": {
      "epoch": 12,
      "train_loss": 1.1273740590119563,
      "train_acc": 73.75661375661376,
      "val_loss": 0.885048929382773,
      "val_acc": 85.92592592592592,
      "lr": 0.001
    },
    "epoch_13": {
      "epoch": 13,
      "train_loss": 1.086670470838787,
      "train_acc": 75.5026455026455,
      "val_loss": 0.7883973016458399,
      "val_acc": 92.22222222222223,
      "lr": 0.001
    },
    "epoch_14": {
      "epoch": 14,
      "train_loss": 1.0318161269195942,
      "train_acc": 78.67724867724868,
      "val_loss": 0.7344768503132988,
      "val_acc": 94.44444444444444,
      "lr": 0.001
    },
    "epoch_15": {
      "epoch": 15,
      "train_loss": 0.9977816769054958,
      "train_acc": 80.58201058201058,
      "val_loss": 0.7450169745613547,
      "val_acc": 94.07407407407408,
      "lr": 0.001
    },
    "epoch_16": {
      "epoch": 16,
      "train_loss": 0.9287461398028526,
      "train_acc": 84.02116402116403,
      "val_loss": 0.7053315744680517,
      "val_acc": 93.33333333333333,
      "lr": 0.001
    },
    "epoch_17": {
      "epoch": 17,
      "train_loss": 0.8940580572400775,
      "train_acc": 85.55555555555556,
      "val_loss": 0.7184379872153787,
      "val_acc": 93.70370370370371,
      "lr": 0.001
    },
    "epoch_18": {
      "epoch": 18,
      "train_loss": 0.8640417737119338,
      "train_acc": 87.14285714285714,
      "val_loss": 0.6480942158138051,
      "val_acc": 95.55555555555556,
      "lr": 0.001
    },
    "epoch_19": {
      "epoch": 19,
      "train_loss": 0.8306639835614116,
      "train_acc": 88.51851851851852,
      "val_loss": 0.6351059464847341,
      "val_acc": 97.4074074074074,
      "lr": 0.001
    },
    "epoch_20": {
      "epoch": 20,
      "train_loss": 0.823276543316721,
      "train_acc": 89.8941798941799,
      "val_loss": 0.6426313028616064,
      "val_acc": 95.18518518518519,
      "lr": 0.001
    },
    "epoch_21": {
      "epoch": 21,
      "train_loss": 0.7968244517550749,
      "train_acc": 90.95238095238095,
      "val_loss": 0.617107142420376,
      "val_acc": 97.77777777777777,
      "lr": 0.001
    },
    "epoch_22": {
      "epoch": 22,
      "train_loss": 0.7618863607655052,
      "train_acc": 92.5925925925926,
      "val_loss": 0.6388979764545665,
      "val_acc": 96.66666666666667,
      "lr": 0.001
    },
    "epoch_23": {
      "epoch": 23,
      "train_loss": 0.7419495231965009,
      "train_acc": 93.28042328042328,
      "val_loss": 0.5946993126588709,
      "val_acc": 98.51851851851852,
      "lr": 0.001
    },
    "epoch_24": {
      "epoch": 24,
      "train_loss": 0.7559701314493388,
      "train_acc": 92.96296296296296,
      "val_loss": 0.5906005712116466,
      "val_acc": 97.77777777777777,