{
  "experiment_timestamp": "2025-08-15T21:17:44.772503",
  "log_file": "demo_output\\logs\\demo_mfcc_20250815_211737.log",
  "timers": {
    "train_epoch_1": 0.7287206649780273,
    "val_epoch_1": 0.005513429641723633,
    "train_epoch_2": 0.10842299461364746,
    "val_epoch_2": 0.00654292106628418,
    "train_epoch_3": 0.09883236885070801,
    "val_epoch_3": 0.0050008296966552734,
    "train_epoch_4": 0.10238838195800781,
    "val_epoch_4": 0.0050144195556640625,
    "train_epoch_5": 0.10631203651428223,
    "val_epoch_5": 0.004511833190917969,
    "test_evaluation": 0.007505655288696289
  },
  "training_metrics": {
    "epoch_1": {
      "epoch": 1,
      "train_loss": 1.9629592129162379,
      "train_acc": 39.04761904761905,
      "val_loss": 0.814195841550827,
      "val_acc": 90.0,
      "lr": 0.01
    },
    "epoch_2": {
      "epoch": 2,
      "train_loss": 1.2550470616136278,
      "train_acc": 78.0952380952381,
      "val_loss": 0.830847978591919,
      "val_acc": 93.33333333333333,
      "lr": 0.01
    },
    "epoch_3": {
      "epoch": 3,
      "train_loss": 0.9123183361121586,
      "train_acc": 86.66666666666667,
      "val_loss": 0.6521654725074768,
      "val_acc": 100.0,
      "lr": 0.01
    },
    "epoch_4": {
      "epoch": 4,
      "train_loss": 0.9139141866139003,
      "train_acc": 90.95238095238095,
      "val_loss": 0.6173192858695984,
      "val_acc": 100.0,
      "lr": 0.01
    },
    "epoch_5": {
      "epoch": 5,
      "train_loss": 0.7782383561134338,
      "train_acc": 95.71428571428571,
      "val_loss": 0.6020117402076721,
      "val_acc": 100.0,
      "lr": 0.01
    }
  },
  "total_experiment_time": 1.1787655353546143
}